-- MySQL dump 10.13  Distrib 8.0.38, for Win64 (x86_64)
--
-- Host: localhost    Database: product_management
-- ------------------------------------------------------
-- Server version	8.0.39

/*!40101 SET @OLD_CHARACTER_SET_CLIENT=@@CHARACTER_SET_CLIENT */;
/*!40101 SET @OLD_CHARACTER_SET_RESULTS=@@CHARACTER_SET_RESULTS */;
/*!40101 SET @OLD_COLLATION_CONNECTION=@@COLLATION_CONNECTION */;
/*!50503 SET NAMES utf8 */;
/*!40103 SET @OLD_TIME_ZONE=@@TIME_ZONE */;
/*!40103 SET TIME_ZONE='+00:00' */;
/*!40014 SET @OLD_UNIQUE_CHECKS=@@UNIQUE_CHECKS, UNIQUE_CHECKS=0 */;
/*!40014 SET @OLD_FOREIGN_KEY_CHECKS=@@FOREIGN_KEY_CHECKS, FOREIGN_KEY_CHECKS=0 */;
/*!40101 SET @OLD_SQL_MODE=@@SQL_MODE, SQL_MODE='NO_AUTO_VALUE_ON_ZERO' */;
/*!40111 SET @OLD_SQL_NOTES=@@SQL_NOTES, SQL_NOTES=0 */;

--
-- Table structure for table `categories`
--

DROP TABLE IF EXISTS `categories`;
/*!40101 SET @saved_cs_client     = @@character_set_client */;
/*!50503 SET character_set_client = utf8mb4 */;
CREATE TABLE `categories` (
  `id` int NOT NULL AUTO_INCREMENT,
  `name` varchar(100) NOT NULL,
  `description` text,
  `created_at` timestamp NULL DEFAULT CURRENT_TIMESTAMP,
  PRIMARY KEY (`id`)
) ENGINE=InnoDB AUTO_INCREMENT=4 DEFAULT CHARSET=utf8mb4 ;
/*!40101 SET character_set_client = @saved_cs_client */;

--
-- Dumping data for table `categories`
--

LOCK TABLES `categories` WRITE;
/*!40000 ALTER TABLE `categories` DISABLE KEYS */;
INSERT INTO `categories` VALUES (1,'Đồ gác bếp','Các món được gác bếp','2025-06-23 08:20:57'),(2,'Nước uống','Các loại nước đặc sản vùng cao','2025-06-23 08:21:14'),(3,'Thảo mộc','Các loại thảo mộc','2025-06-23 08:21:43');
/*!40000 ALTER TABLE `categories` ENABLE KEYS */;
UNLOCK TABLES;

--
-- Table structure for table `products`
--

DROP TABLE IF EXISTS `products`;
/*!40101 SET @saved_cs_client     = @@character_set_client */;
/*!50503 SET character_set_client = utf8mb4 */;
CREATE TABLE `products` (
  `id` int NOT NULL AUTO_INCREMENT,
  `name` varchar(255) NOT NULL,
  `description` text,
  `price` decimal(10,2) NOT NULL,
  `quantity` int NOT NULL,
  `image` varchar(255) DEFAULT NULL,
  `category_id` int DEFAULT NULL,
  `created_by` int DEFAULT NULL,
  `created_at` timestamp NULL DEFAULT CURRENT_TIMESTAMP,
  `updated_at` timestamp NULL DEFAULT CURRENT_TIMESTAMP ON UPDATE CURRENT_TIMESTAMP,
  PRIMARY KEY (`id`),
  KEY `category_id` (`category_id`),
  KEY `created_by` (`created_by`),
  CONSTRAINT `products_ibfk_1` FOREIGN KEY (`category_id`) REFERENCES `categories` (`id`) ON DELETE SET NULL,
  CONSTRAINT `products_ibfk_2` FOREIGN KEY (`created_by`) REFERENCES `users` (`id`) ON DELETE SET NULL
) ENGINE=InnoDB AUTO_INCREMENT=11 DEFAULT CHARSET=utf8mb4 ;
/*!40101 SET character_set_client = @saved_cs_client */;

--
-- Dumping data for table `products`
--

LOCK TABLES `products` WRITE;
/*!40000 ALTER TABLE `products` DISABLE KEYS */;
INSERT INTO `products` VALUES (1,'Thịt trâu sấy','Món ngon của rừng',120000.00,1200,'68590ecf3f582.webp',1,NULL,'2025-06-23 08:22:39','2025-06-23 08:22:39'),(2,'Thịt lợn sấy','Món ngon của rừng',120000.00,1200,'68590eece7010.jpg',1,NULL,'2025-06-23 08:23:08','2025-06-23 08:23:08'),(3,'Thịt gà rừng','Rất LÀ Ngon',123545.00,123,'68590f126e8b5.jpg',2,NULL,'2025-06-23 08:23:46','2025-06-23 08:23:46'),(4,'ĐBBCBC','DC XV',123456.00,254,'68590f331cd6a.jpg',2,NULL,'2025-06-23 08:24:19','2025-06-23 08:24:19'),(5,'Tây bắc','TÂY bẮC',123456.00,5624,'68590f545cb20.jpg',2,NULL,'2025-06-23 08:24:52','2025-06-23 08:24:52'),(6,'Tây Bắc','Tây Bắc',678990.00,123456,'68590f71965d5.jpg',1,NULL,'2025-06-23 08:25:21','2025-06-23 08:25:21'),(7,'cHIM CÚT CU','NGON',1822000.00,1235,'68590f94c1a79.jpg',2,NULL,'2025-06-23 08:25:56','2025-06-23 08:25:56'),(8,'Chim họa mi','dddd',820455.00,123456,'68590fd2e335d.jpg',3,NULL,'2025-06-23 08:26:58','2025-06-23 08:26:58'),(9,'Rau cà gai','Ngon',123456.00,1234,'68590ff1adc86.jpg',3,NULL,'2025-06-23 08:27:29','2025-06-23 08:27:29'),(10,'Rau mắc cua','Ngon',123456.00,123,'6859100ac67ab.jpg',3,NULL,'2025-06-23 08:27:54','2025-06-23 08:27:54');
/*!40000 ALTER TABLE `products` ENABLE KEYS */;
UNLOCK TABLES;

--
-- Table structure for table `sales`
--

DROP TABLE IF EXISTS `sales`;
/*!40101 SET @saved_cs_client     = @@character_set_client */;
/*!50503 SET character_set_client = utf8mb4 */;
CREATE TABLE `sales` (
  `id` int NOT NULL AUTO_INCREMENT,
  `product_id` int NOT NULL,
  `quantity` int NOT NULL,
  `price` decimal(10,2) NOT NULL,
  `total_amount` decimal(10,2) NOT NULL,
  `sale_date` date NOT NULL,
  `created_by` int DEFAULT NULL,
  `created_at` timestamp NULL DEFAULT CURRENT_TIMESTAMP,
  PRIMARY KEY (`id`),
  KEY `product_id` (`product_id`),
  KEY `created_by` (`created_by`),
  CONSTRAINT `sales_ibfk_1` FOREIGN KEY (`product_id`) REFERENCES `products` (`id`) ON DELETE CASCADE,
  CONSTRAINT `sales_ibfk_2` FOREIGN KEY (`created_by`) REFERENCES `users` (`id`) ON DELETE SET NULL
) ENGINE=InnoDB AUTO_INCREMENT=46 DEFAULT CHARSET=utf8mb4 ;
/*!40101 SET character_set_client = @saved_cs_client */;

--
-- Dumping data for table `sales`
--

LOCK TABLES `sales` WRITE;
/*!40000 ALTER TABLE `sales` DISABLE KEYS */;
INSERT INTO `sales` VALUES (1,1,10,120000.00,1200000.00,'2025-06-23',NULL,'2025-06-23 03:00:00'),(2,2,5,120000.00,600000.00,'2025-06-23',NULL,'2025-06-23 03:30:00'),(3,7,2,1820000.00,3640000.00,'2025-06-23',NULL,'2025-06-23 04:00:00'),(4,9,20,123456.00,2469120.00,'2025-06-23',NULL,'2025-06-23 05:00:00'),(5,5,3,123456.00,370368.00,'2025-06-23',NULL,'2025-06-23 05:30:00'),(6,1,12,120000.00,1440000.00,'2025-06-23',NULL,'2025-06-23 02:00:00'),(7,2,8,120000.00,960000.00,'2025-06-23',NULL,'2025-06-23 02:30:00'),(8,3,5,123545.00,617725.00,'2025-06-23',NULL,'2025-06-23 03:00:00'),(9,4,1,123456.00,123456.00,'2025-06-23',NULL,'2025-06-23 03:15:00'),(10,5,3,123456.00,370368.00,'2025-06-23',NULL,'2025-06-23 03:30:00'),(11,6,2,678990.00,1357980.00,'2025-06-23',NULL,'2025-06-23 03:45:00'),(12,7,1,1820000.00,1820000.00,'2025-06-23',NULL,'2025-06-23 04:00:00'),(13,8,10,820455.00,8204550.00,'2025-06-23',NULL,'2025-06-23 04:15:00'),(14,9,7,123456.00,864192.00,'2025-06-23',NULL,'2025-06-23 04:30:00'),(15,10,4,123456.00,493824.00,'2025-06-23',NULL,'2025-06-23 04:45:00'),(16,1,15,120000.00,1800000.00,'2025-06-23',NULL,'2025-06-23 05:00:00'),(17,2,10,120000.00,1200000.00,'2025-06-23',NULL,'2025-06-23 05:15:00'),(18,3,6,123545.00,741270.00,'2025-06-23',NULL,'2025-06-23 05:30:00'),(19,4,2,123456.00,246912.00,'2025-06-23',NULL,'2025-06-23 05:45:00'),(20,5,5,123456.00,617280.00,'2025-06-23',NULL,'2025-06-23 06:00:00'),(21,6,1,678990.00,678990.00,'2025-06-23',NULL,'2025-06-23 06:15:00'),(22,7,3,1820000.00,5460000.00,'2025-06-23',NULL,'2025-06-23 06:30:00'),(23,8,4,820455.00,3281820.00,'2025-06-23',NULL,'2025-06-23 06:45:00'),(24,9,12,123456.00,1481472.00,'2025-06-23',NULL,'2025-06-23 07:00:00'),(25,10,6,123456.00,740736.00,'2025-06-23',NULL,'2025-06-23 07:15:00'),(26,1,5,120000.00,600000.00,'2025-01-15',NULL,'2025-06-23 08:33:09'),(27,2,2,120000.00,240000.00,'2025-02-10',NULL,'2025-06-23 08:33:09'),(28,3,3,123455.00,370365.00,'2025-03-20',NULL,'2025-06-23 08:33:09'),(29,4,1,123456.00,123456.00,'2025-04-12',NULL,'2025-06-23 08:33:09'),(30,5,4,123456.00,493824.00,'2025-05-05',NULL,'2025-06-23 08:33:09'),(31,6,6,678990.00,4073940.00,'2025-06-17',NULL,'2025-06-23 08:33:09'),(32,7,1,1820000.00,1820000.00,'2025-07-09',NULL,'2025-06-23 08:33:09'),(33,8,2,820455.00,1640910.00,'2025-08-22',NULL,'2025-06-23 08:33:09'),(34,9,3,123456.00,370368.00,'2025-09-11',NULL,'2025-06-23 08:33:09'),(35,10,4,123456.00,493824.00,'2025-10-19',NULL,'2025-06-23 08:33:09'),(36,1,5,120000.00,600000.00,'2025-11-13',NULL,'2025-06-23 08:33:09'),(37,2,2,120000.00,240000.00,'2025-12-25',NULL,'2025-06-23 08:33:09'),(38,3,3,123455.00,370365.00,'2025-01-30',NULL,'2025-06-23 08:33:09'),(39,4,1,123456.00,123456.00,'2025-02-18',NULL,'2025-06-23 08:33:09'),(40,5,4,123456.00,493824.00,'2025-03-27',NULL,'2025-06-23 08:33:09'),(41,6,6,678990.00,4073940.00,'2025-04-14',NULL,'2025-06-23 08:33:09'),(42,7,1,1820000.00,1820000.00,'2025-05-16',NULL,'2025-06-23 08:33:09'),(43,8,2,820455.00,1640910.00,'2025-06-08',NULL,'2025-06-23 08:33:09'),(44,9,3,123456.00,370368.00,'2025-07-21',NULL,'2025-06-23 08:33:09'),(45,10,4,123456.00,493824.00,'2025-08-03',NULL,'2025-06-23 08:33:09');
/*!40000 ALTER TABLE `sales` ENABLE KEYS */;
UNLOCK TABLES;

--
-- Table structure for table `users`
--

DROP TABLE IF EXISTS `users`;
/*!40101 SET @saved_cs_client     = @@character_set_client */;
/*!50503 SET character_set_client = utf8mb4 */;
CREATE TABLE `users` (
  `id` int NOT NULL AUTO_INCREMENT,
  `username` varchar(50) NOT NULL,
  `password` varchar(255) NOT NULL,
  `full_name` varchar(100) NOT NULL,
  `email` varchar(100) NOT NULL,
  `role` enum('admin','manager','staff') NOT NULL DEFAULT 'staff',
  `created_at` timestamp NULL DEFAULT CURRENT_TIMESTAMP,
  PRIMARY KEY (`id`),
  UNIQUE KEY `username` (`username`),
  UNIQUE KEY `email` (`email`)
) ENGINE=InnoDB AUTO_INCREMENT=2 DEFAULT CHARSET=utf8mb4 ;
/*!40101 SET character_set_client = @saved_cs_client */;

--
-- Dumping data for table `users`
--

LOCK TABLES `users` WRITE;
/*!40000 ALTER TABLE `users` DISABLE KEYS */;
INSERT INTO `users` VALUES (1,'admin','$2y$10$c3e/e8JKTDHfmQKqH2PU9uAZv09cZU4ajQWQAvsOvdDTwEGSnx2s2','Administrator','admin@example.com','admin','2025-06-23 08:13:18');
/*!40000 ALTER TABLE `users` ENABLE KEYS */;
UNLOCK TABLES;
/*!40103 SET TIME_ZONE=@OLD_TIME_ZONE */;

/*!40101 SET SQL_MODE=@OLD_SQL_MODE */;
/*!40014 SET FOREIGN_KEY_CHECKS=@OLD_FOREIGN_KEY_CHECKS */;
/*!40014 SET UNIQUE_CHECKS=@OLD_UNIQUE_CHECKS */;
/*!40101 SET CHARACTER_SET_CLIENT=@OLD_CHARACTER_SET_CLIENT */;
/*!40101 SET CHARACTER_SET_RESULTS=@OLD_CHARACTER_SET_RESULTS */;
/*!40101 SET COLLATION_CONNECTION=@OLD_COLLATION_CONNECTION */;
/*!40111 SET SQL_NOTES=@OLD_SQL_NOTES */;

-- Dump completed on 2025-06-23 15:49:48
